form	objeto_legado	controle_migrado	format
FormCNF	Get_Estado	txt_4c_TranspEsta	!
FormCNF	Get_Cidade	txt_4c_TranspCida	!
FormCNF	Get_Endereço	txt_4c_TranspEnde	!
FormENR	GetEndereço	txt_4c_Endereco	K!
Formsigmvdis	get_dgrupo	txt_4c_FiltroDescGrupo	K!
Formsigmvdis	get_cgrupo	txt_4c_FiltroCodGrupo	K!
Formsigmvdis	get_ds_fornecedor	txt_4c_DetDescFornecedor	K!
Formsigmvdis	get_cd_fornecedor	txt_4c_DetCodFornecedor	K!
Formsigmvdis	get_ds_sgrupo	txt_4c_DetDescSubgrupo	K!
Formsigmvdis	get_cd_sgrupo	txt_4c_DetCodSubgrupo	K!
Formsigmvdis	get_cd_grupo	txt_4c_DetCodGrupo	K!
Formsigmvdis	get_ds_grupo	txt_4c_DetDescGrupo	K!
Formsigmvdis	Get_GrVenda	txt_4c_DetCodGrupoVenda	K!
Formsigmvdis	Get_GrDvenda	txt_4c_DetDescGrupoVenda	K!
Formsigmvdis	Get_CdLinha	txt_4c_DetCodLinha	K!
Formsigmvdis	Get_DsLinha	txt_4c_DetDescLinha	K!
Formsigmvdis	get_pr_venda_moeda	txt_4c_DetMoedaVenda	K!
Formsigmvdis	get_dsgrupo	txt_4c_FiltroDescSubgrupo	K!
Formsigmvdis	get_csgrupo	txt_4c_FiltroCodSubgrupo	K!
Formsigmvdis	getEmps	txt_4c_DetEmp	K!
Formsigprccp	getDFornecs	txt_4c_DescFornecedor	K!
FormSigReEtl	GetDsGru	txt_4c_DsSGru	!K
Formsigrefc2	get_ds_empresa	txt_4c_NomEmpresa	K!
