form	objeto_legado	controle_migrado	inputmask
FormBch	Get_Codigo	txt_4c_CodDisp	9999
FormCNF	Get_Quantidade	txt_4c_Qtdes	999999
FormCNF	Get_Estado	txt_4c_TranspEsta	XX
FormCOM	getCods	txt_4c_Descricao	!!!!!!!!!!!!!!!!!!!!!!!!!!!!!!!!!!!!!!!!
FormFti	Get_Código	txt_4c_Codigo	!!!
FormLin	get_qtdpcs	txt_4c_QtPcs	99999
Formche	Get_taxiof	txt_4c_TaxaIof	999.99
Formcrp	Get_Ordem	txt_4c_Ordens	999999
Formemp	getCodSMuns	txt_4c_Codigo	99.99.99
Formgpr	getDescs	txt_4c_Descricao	XXXXXXXXXXXXXXXXXXXXXXXXXXXXXXXXXXXXXXXX
FormSIGRECPM	GetOperaçãoi	txt_4c_OperacaoI	999999
FormSIGRECPM	GetOperaçãof	txt_4c_OperacaoF	999999
